<?xml version="1.0" encoding="utf-8"?>
<extension type="component" version="4" method="upgrade">
    <name>COM_LOGICALDOC</name>
    <creationDate>2024-02-19</creationDate>
    <author>LogicalDOC</author>
    <authorEmail>support@logicaldoc.com</authorEmail>
    <authorUrl>https://www.logicaldoc.com</authorUrl>
    <copyright>(C) 2006-2024 LogicalDOC</copyright>
    <license>GNU/GPL v2 or later http://www.gnu.org/licenses/gpl-2.0.html</license>
    <version>4.0.0</version>
    <description>COM_LOGICALDOC_DESCRIPTION</description>
    <install>
        <sql>
            <file driver="mysql" charset="utf8">sql/install.mysql.utf8.sql</file>
        </sql>
    </install>
    <uninstall>
        <sql>
            <file driver="mysql" charset="utf8">sql/uninstall.mysql.utf8.sql</file>
        </sql>
    </uninstall>

    <files folder="site">
        <filename>index.html</filename>
        <filename>logicaldoc.php</filename>
        <filename>metadata.xml</filename>
        <filename>download.php</filename>
        <filename>clase.php</filename>
        <filename>IconSelector.php</filename>
        <folder>assets</folder>
        <folder>controllers</folder>
        <folder>models</folder>
        <folder>tables</folder>
        <folder>views</folder>
    </files>
    <languages folder="site">
        <language tag="en-GB" client="site">language/en-GB/en-GB.com_logicaldoc.ini</language>
        <language tag="en-GB" client="site">language/en-GB/en-GB.com_logicaldoc.sys.ini</language>
        <language tag="es-ES" client="site">language/es-ES/es-ES.com_logicaldoc.ini</language>
        <language tag="es-ES" client="site">language/es-ES/es-ES.com_logicaldoc.sys.ini</language>
    </languages>

    <administration>
        <menu img="components/com_logicaldoc/assets/images/logo-16.png">COM_LOGICALDOC</menu>
        <files folder="admin">
            <filename>index.html</filename>
            <filename>logicaldoc.php</filename>
            <filename>metadata.xml</filename>
            <folder>assets</folder>
            <folder>controllers</folder>
            <folder>models</folder>
            <folder>tables</folder>
            <folder>views</folder>
            <folder>sql</folder>
        </files>
        <languages folder="admin">
            <language tag="en-GB">language/en-GB/en-GB.com_logicaldoc.ini</language>
            <language tag="en-GB">language/en-GB/en-GB.com_logicaldoc.sys.ini</language>
            <language tag="es-ES">language/es-ES/es-ES.com_logicaldoc.ini</language>
            <language tag="es-ES">language/es-ES/es-ES.com_logicaldoc.sys.ini</language>
        </languages>
    </administration>
	
	<updateservers>
		<!-- Note: No spaces or linebreaks allowed between the server tags -->
		<server type="extension" name="LogicalDOC Update Site">https://github.com/logicaldoc/joomla-explorer/raw/main/manifest.xml</server>
	</updateservers>

</extension>
